ID,Name,PhotoUrl
217580704,Christian Simmons,https://randomuser.me/api/portraits/men/45.jpg
681711923,Rafael Wells,https://randomuser.me/api/portraits/men/13.jpg
31801851,Howard Hughes,https://randomuser.me/api/portraits/men/42.jpg
451476061,Lorraine Graves,https://randomuser.me/api/portraits/women/94.jpg
728030327,Isobel Wade,https://randomuser.me/api/portraits/women/48.jpg
639011047,Sergio Meyer,https://randomuser.me/api/portraits/men/92.jpg
471870937,Minnie Wheeler,https://randomuser.me/api/portraits/women/36.jpg
264332553,Willie Jensen,https://randomuser.me/api/portraits/women/76.jpg
468698103,Robin Rice,https://randomuser.me/api/portraits/women/34.jpg
185993128,Chloe Anderson,https://randomuser.me/api/portraits/women/62.jpg
